{"cameraMode":{"drawMode":0,"name":"Shaded","section":"Shading Mode"},"sceneLighting":true,"audioPlay":false,"sceneViewState":{"m_AlwaysRefresh":false,"showFog":true,"showSkybox":true,"showFlares":true,"showImageEffects":true,"showParticleSystems":true,"showVisualEffectGraphs":true,"m_FxEnabled":true},"in2DMode":false,"pivot":{"x":6.6961750984191898,"y":1.35007905960083,"z":4.374584197998047},"rotation":{"x":0.005830495152622461,"y":-0.23624706268310548,"z":0.0014172423398122192,"w":0.9716924428939819},"size":9.98614501953125,"orthographic":true}