{"cameraMode":{"drawMode":0,"name":"Shaded","section":"Shading Mode"},"sceneLighting":true,"audioPlay":false,"sceneViewState":{"m_AlwaysRefresh":false,"showFog":true,"showSkybox":true,"showFlares":true,"showImageEffects":true,"showParticleSystems":true,"showVisualEffectGraphs":true,"m_FxEnabled":true},"in2DMode":false,"pivot":{"x":-15.379129409790039,"y":-11.773113250732422,"z":-4.503715515136719},"rotation":{"x":0.1733766347169876,"y":-0.11640738695859909,"z":0.020642243325710298,"w":0.977738082408905},"size":32.689544677734378,"orthographic":true}