{"cameraMode":{"drawMode":0,"name":"Shaded","section":"Shading Mode"},"sceneLighting":true,"audioPlay":false,"sceneViewState":{"m_AlwaysRefresh":false,"showFog":true,"showSkybox":true,"showFlares":true,"showImageEffects":true,"showParticleSystems":true,"showVisualEffectGraphs":true,"m_FxEnabled":true},"in2DMode":false,"pivot":{"x":10.020000457763672,"y":0.5699998736381531,"z":4.230000019073486},"rotation":{"x":0.3546046018600464,"y":-0.2692212760448456,"z":0.10727439075708389,"w":0.8890258073806763},"size":15.452332496643067,"orthographic":true}