{"cameraMode":{"drawMode":0,"name":"Shaded","section":"Shading Mode"},"sceneLighting":true,"audioPlay":false,"sceneViewState":{"m_AlwaysRefresh":false,"showFog":true,"showSkybox":true,"showFlares":true,"showImageEffects":true,"showParticleSystems":true,"showVisualEffectGraphs":true,"m_FxEnabled":true},"in2DMode":false,"pivot":{"x":-6.499134063720703,"y":-1.9595460891723633,"z":-2.9183855056762697},"rotation":{"x":0.18005713820457459,"y":-0.06928469240665436,"z":0.012714509852230549,"w":0.9811331033706665},"size":12.12435531616211,"orthographic":true}