{"cameraMode":{"drawMode":0,"name":"Shaded","section":"Shading Mode"},"sceneLighting":true,"audioPlay":false,"sceneViewState":{"m_AlwaysRefresh":false,"showFog":true,"showSkybox":true,"showFlares":true,"showImageEffects":true,"showParticleSystems":true,"showVisualEffectGraphs":true,"m_FxEnabled":true},"in2DMode":false,"pivot":{"x":-14.000000953674317,"y":-0.9657783508300781,"z":3.1987743377685549},"rotation":{"x":0.11967824399471283,"y":0.025311781093478204,"z":-0.0030559361912310125,"w":0.9925194382667542},"size":2484.1396484375,"orthographic":true}