{"cameraMode":{"drawMode":0,"name":"Shaded","section":"Shading Mode"},"sceneLighting":true,"audioPlay":false,"sceneViewState":{"m_AlwaysRefresh":false,"showFog":true,"showSkybox":true,"showFlares":true,"showImageEffects":true,"showParticleSystems":true,"showVisualEffectGraphs":true,"m_FxEnabled":true},"in2DMode":false,"pivot":{"x":-14.000000953674317,"y":-0.9657783508300781,"z":3.1987743377685549},"rotation":{"x":0.009458227083086968,"y":0.4349534511566162,"z":-0.004562340211123228,"w":0.9004274606704712},"size":0.8449413776397705,"orthographic":true}